id,name,city,segment,state
CG-12520,Claire Gute,Henderson,Consumer,Kentucky
DV-13045,Darrin Van Huff,Los Angeles,Corporate,California
SO-20335,Sean O'Donnell,Fort Lauderdale,Consumer,Florida
BH-11710,Brosina Hoffman,Los Angeles,Consumer,California
AA-10480,Andrew Allen,Concord,Consumer,North Carolina
IM-15070,Irene Maddox,Seattle,Consumer,Washington
HP-14815,Harold Pawlan,Fort Worth,Home Office,Texas
PK-19075,Pete Kriz,Madison,Consumer,Wisconsin
AG-10270,Alejandro Grove,West Jordan,Consumer,Utah
ZD-21925,Zuschuss Donatelli,San Francisco,Consumer,California
KB-16585,Ken Black,Fremont,Corporate,Nebraska
SF-20065,Sandra Flanagan,Philadelphia,Consumer,Pennsylvania
EB-13870,Emily Burns,Orem,Consumer,Utah
EH-13945,Eric Hoffmann,Los Angeles,Consumer,California
TB-21520,Tracy Blumstein,Philadelphia,Consumer,Pennsylvania
MA-17560,Matt Abelman,Houston,Home Office,Texas
GH-14485,Gene Hale,Richardson,Corporate,Texas
SN-20710,Steve Nguyen,Houston,Home Office,Texas
LC-16930,Linda Cazamias,Naperville,Corporate,Illinois
RA-19885,Ruben Ausman,Los Angeles,Corporate,California
ES-14080,Erin Smith,Melbourne,Corporate,Florida
ON-18715,Odella Nelson,Eagan,Corporate,Minnesota
PO-18865,Patrick O'Donnell,Westland,Consumer,Michigan
LH-16900,Lena Hernandez,Dover,Consumer,Delaware
DP-13000,Darren Powers,New Albany,Consumer,Indiana
JM-15265,Janet Molinari,New York City,Corporate,New York
TB-21055,Ted Butterfield,Troy,Consumer,New York
KM-16720,Kunst Miller,Los Angeles,Consumer,California
PS-18970,Paul Stevenson,Chicago,Home Office,Illinois
BS-11590,Brendan Sweed,Gilbert,Corporate,Arizona
KD-16270,Karen Daniels,Springfield,Consumer,Virginia
HM-14980,Henry MacAllister,New York City,Consumer,New York
JE-15745,Joel Eaton,Memphis,Consumer,Tennessee
KB-16600,Ken Brennan,Houston,Corporate,Texas
SC-20770,Stewart Carmichael,Decatur,Corporate,Alabama
DN-13690,Duane Noonan,San Francisco,Consumer,California
JC-16105,Julie Creighton,Durham,Corporate,North Carolina
CS-12400,Christopher Schild,Chicago,Home Office,Illinois
PG-18895,Paul Gonzalez,Rochester,Consumer,Minnesota
GM-14455,Gary Mitchum,Houston,Home Office,Texas
JS-15685,Jim Sink,Los Angeles,Corporate,California
KB-16315,Karl Braun,Minneapolis,Consumer,Minnesota
RB-19705,Roger Barcio,Portland,Home Office,Oregon
PN-18775,Parhena Norris,New York City,Home Office,New York
KD-16345,Katherine Ducich,San Francisco,Consumer,California
ER-13855,Elpida Rittenbach,Saint Paul,Corporate,Minnesota
RB-19465,Rick Bensley,Chicago,Home Office,Illinois
GZ-14470,Gary Zandusky,Rochester,Consumer,Minnesota
LC-16870,Lena Cacioppo,Aurora,Consumer,Colorado
JM-15250,Janet Martin,Charlotte,Consumer,North Carolina
PA-19060,Pete Armstrong,Orland Park,Home Office,Illinois
CV-12805,Cynthia Voltz,New York City,Corporate,New York
CL-12565,Clay Ludtke,Urbandale,Consumer,Iowa
RC-19960,Ryan Crowe,Columbus,Consumer,Ohio
DK-13090,Dave Kipp,Seattle,Consumer,Washington
GG-14650,Greg Guthrie,Bristol,Corporate,Tennessee
SC-20725,Steven Cartwright,Wilmington,Consumer,Delaware
AD-10180,Alan Dominguez,Houston,Home Office,Texas
PF-19165,Philip Fox,Bloomington,Consumer,Illinois
TS-21610,Troy Staebel,Phoenix,Consumer,Arizona
LS-16975,Lindsay Shagiari,Los Angeles,Home Office,California
DW-13585,Dorothy Wardle,Columbus,Corporate,Ohio
LC-16885,Lena Creighton,Roseville,Consumer,California
JD-15895,Jonathan Doherty,Philadelphia,Corporate,Pennsylvania
SH-19975,Sally Hughsby,San Francisco,Corporate,California
SG-20080,Sandra Glassco,Independence,Consumer,Missouri
HA-14920,Helen Andreada,Pasadena,Consumer,California
MG-17680,Maureen Gastineau,Newark,Home Office,Ohio
JE-16165,Justin Ellison,Franklin,Corporate,Wisconsin
TW-21025,Tamara Willingham,Scottsdale,Home Office,Arizona
SP-20650,Stephanie Phelps,San Jose,Corporate,California
NK-18490,Neil Knudson,Seattle,Home Office,Washington
DB-13060,Dave Brooks,Seattle,Consumer,Washington
NP-18670,Nora Paige,Edmond,Consumer,Oklahoma
TT-21070,Ted Trevino,Los Angeles,Consumer,California
EM-13960,Eric Murdock,Philadelphia,Consumer,Pennsylvania
RD-19900,Ruben Dartt,Carlsbad,Consumer,New Mexico
MJ-17740,Max Jones,Seattle,Consumer,Washington
BM-11140,Becky Martin,San Antonio,Consumer,Texas
CS-12130,Chad Sievert,Los Angeles,Consumer,California
JB-15400,Jennifer Braxton,Chicago,Corporate,Illinois
SJ-20500,Shirley Jackson,Houston,Consumer,Texas
JK-15640,Jim Kriz,New York City,Home Office,New York
DK-13150,David Kendrick,Decatur,Corporate,Illinois
RM-19675,Robert Marley,Monroe,Home Office,Louisiana
SK-19990,Sally Knutson,Fairfield,Consumer,Connecticut
FM-14290,Frank Merwin,Los Angeles,Home Office,California
AM-10360,Alice McCarthy,Grand Prairie,Corporate,Texas
MP-17470,Mark Packer,New York City,Home Office,New York
MZ-17515,Mary Zewe,Redlands,Corporate,California
CB-12025,Cassandra Brandow,Hamilton,Consumer,Ohio
VM-21685,Valerie Mitchum,Westfield,Home Office,New Jersey
FH-14365,Fred Hopkins,Philadelphia,Corporate,Pennsylvania
MB-17305,Maria Bertelson,Akron,Consumer,Ohio
BS-11755,Bruce Stewart,Denver,Consumer,Colorado
LC-17140,Logan Currie,Dallas,Consumer,Texas
HK-14890,Heather Kirkland,Franklin,Corporate,Tennessee
LE-16810,Laurel Elliston,Whittier,Consumer,California
JH-15985,Joseph Holt,Saginaw,Consumer,Michigan
MS-17980,Michael Stewart,Dallas,Corporate,Texas
VW-21775,Victoria Wilson,Medina,Corporate,Ohio
JH-15910,Jonathan Howell,Los Angeles,Consumer,California
JB-15925,Joni Blumstein,Dublin,Consumer,Ohio
DS-13180,David Smith,Detroit,Corporate,Michigan
VD-21670,Valerie Dominguez,Columbia,Consumer,Tennessee
EA-14035,Erin Ashbrook,Charlotte,Corporate,North Carolina
DB-13120,David Bremer,Santa Clara,Corporate,California
KL-16645,Ken Lonsdale,Chicago,Consumer,Illinois
DW-13480,Dianna Wilson,Lakeville,Home Office,Minnesota
LH-17155,Logan Haushalter,San Francisco,Consumer,California
KC-16540,Kelly Collister,San Diego,Consumer,California
DL-13315,Delfina Latchford,New York City,Consumer,New York
DR-12880,Dan Reichenbach,Chicago,Corporate,Illinois
CC-12670,Craig Carreira,New York City,Consumer,New York
Dl-13600,Dorris liebe,Pasadena,Corporate,Texas
SB-20290,Sean Braxton,Houston,Corporate,Texas
RC-19825,Roy Collins,Chicago,Consumer,Illinois
AH-10210,Alan Hwang,Brentwood,Consumer,California
CB-12535,Claudia Bergmann,Chapel Hill,Corporate,North Carolina
CA-12310,Christine Abelman,Cincinnati,Corporate,Ohio
KH-16690,Kristen Hastings,San Francisco,Corporate,California
BB-10990,Barry Blumstein,Inglewood,Corporate,California
AG-10495,Andrew Gjertsen,Philadelphia,Corporate,Pennsylvania
JO-15280,Jas O'Carroll,Los Angeles,Consumer,California
AH-10195,Alan Haines,Tamarac,Corporate,Florida
NZ-18565,Nick Zandusky,Columbus,Home Office,Ohio
KL-16555,Kelly Lampkin,Colorado Springs,Corporate,Colorado
AS-10225,Alan Schoenberger,New York City,Corporate,New York
CR-12625,Corey Roper,Lakewood,Home Office,New Jersey
SH-20395,Shahid Hopkins,Arlington,Consumer,Virginia
BP-11185,Ben Peterman,Arvada,Corporate,Colorado
TS-21205,Thomas Seio,Hackensack,Corporate,New Jersey
AG-10525,Andy Gerbode,Saint Petersburg,Corporate,Florida
SP-20860,Sung Pak,Philadelphia,Corporate,Pennsylvania
NM-18445,Nathan Mautz,New York City,Home Office,New York
FA-14230,Frank Atkinson,Long Beach,Corporate,California
GK-14620,Grace Kelly,Hesperia,Corporate,California
DJ-13510,Don Jones,Murfreesboro,Corporate,Tennessee
PO-18850,Patrick O'Brill,Philadelphia,Consumer,Pennsylvania
JL-15850,John Lucas,Philadelphia,Consumer,Pennsylvania
DB-13615,Doug Bickford,Los Angeles,Consumer,California
AC-10420,Alyssa Crouse,San Francisco,Corporate,California
CC-12550,Clay Cheatham,San Francisco,Consumer,California
TD-20995,Tamara Dahlen,Lowell,Consumer,Massachusetts
AB-10060,Adam Bellavance,New York City,Home Office,New York
JL-15505,Jeremy Lonsdale,New York City,Consumer,New York
VB-21745,Victoria Brennan,Columbus,Corporate,Georgia
KW-16435,Katrina Willman,New York City,Consumer,New York
JD-16060,Julia Dunbar,San Francisco,Consumer,California
MK-17905,Michael Kennedy,Manchester,Corporate,Connecticut
GT-14755,Guy Thornton,Harlingen,Consumer,Texas
AG-10900,Arthur Gainer,Tucson,Consumer,Arizona
MM-18280,Muhammed MacIntyre,Quincy,Corporate,Illinois
AR-10405,Allen Rosenblatt,Franklin,Corporate,Massachusetts
RA-19915,Russell Applegate,Houston,Consumer,Texas
AS-10285,Alejandro Savely,San Francisco,Corporate,California
LA-16780,Laura Armstrong,Taylor,Corporate,Michigan
DO-13435,Denny Ordway,Pembroke Pines,Consumer,Florida
DK-13225,Dean Katz,Philadelphia,Corporate,Pennsylvania
NG-18430,Nathan Gelder,Cincinnati,Consumer,Ohio
MV-18190,Mike Vittorini,New York City,Consumer,New York
JG-15115,Jack Garza,Des Moines,Consumer,Washington
BP-11095,Bart Pistole,Peoria,Corporate,Illinois
VP-21730,Victor Preis,Las Vegas,Home Office,Nevada
SS-20140,Saphhira Shifley,Warwick,Corporate,Rhode Island
AG-10675,Anna Gayman,Houston,Consumer,Texas
LF-17185,Luke Foster,Miami,Consumer,Florida
RF-19840,Roy Franzosisch,New York City,Consumer,New York
KH-16510,Keith Herrera,San Francisco,Consumer,California
KC-16675,Kimberly Carter,Seattle,Corporate,Washington
CJ-12010,Caroline Jumper,Huntington Beach,Consumer,California
PB-19150,Philip Brown,Los Angeles,Consumer,California
MP-17965,Michael Paige,Lawrence,Corporate,Massachusetts
NF-18385,Natalie Fritzler,Jackson,Consumer,Mississippi
SD-20485,Shirley Daniels,New Rochelle,Home Office,New York
KH-16630,Ken Heidel,San Antonio,Corporate,Texas
RB-19795,Ross Baird,Gastonia,Home Office,North Carolina
MK-18160,Mike Kennedy,Jacksonville,Consumer,Florida
PO-19180,Philisse Overcash,Chicago,Home Office,Illinois
BB-11545,Brenda Bowman,Houston,Corporate,Texas
TB-21595,Troy Blackwell,Columbus,Consumer,Indiana
RB-19360,Raymond Buch,Auburn,Consumer,New York
EB-13705,Ed Braxton,Akron,Corporate,Ohio
SC-20095,Sanjit Chand,Concord,Consumer,California
TN-21040,Tanja Norvell,Phoenix,Home Office,Arizona
JS-15940,Joni Sundaresam,Park Ridge,Home Office,Illinois
MH-17785,Maya Herman,Lindenhurst,Corporate,New York
JP-15520,Jeremy Pistek,San Francisco,Consumer,California
JE-15475,Jeremy Ellison,Troy,Consumer,New York
JG-15805,John Grady,New York City,Corporate,New York
XP-21865,Xylona Preis,San Diego,Consumer,California
EM-14065,Erin Mull,New York City,Consumer,New York
MT-18070,Michelle Tran,Los Angeles,Home Office,California
SA-20830,Sue Ann Reed,Chicago,Consumer,Illinois
CW-11905,Carl Weiss,Huntsville,Home Office,Texas
AJ-10960,Astrea Jones,Rochester,Consumer,New York
SS-20590,Sonia Sunley,Seattle,Consumer,Washington
RO-19780,Rose O'Brian,Memphis,Consumer,Tennessee
MD-17350,Maribeth Dona,Fayetteville,Consumer,Arkansas
MY-17380,Maribeth Yedwab,Parker,Corporate,Colorado
CM-12385,Christopher Martinez,Atlanta,Consumer,Georgia
LS-17245,Lynn Smith,Gladstone,Consumer,Missouri
BN-11515,Bradley Nguyen,Los Angeles,Consumer,California
DB-13210,Dean Braden,Houston,Consumer,Texas
MC-17605,Matt Connell,Detroit,Corporate,Michigan
BD-11605,Brian Dahlen,Lawrence,Consumer,Massachusetts
PH-18790,Patricia Hirasaki,Lakeland,Home Office,Florida
MG-18145,Mike Gockenbach,Philadelphia,Consumer,Pennsylvania
KB-16240,Karen Bern,Los Angeles,Corporate,California
JC-15340,Jasper Cacioppo,Los Angeles,Consumer,California
RL-19615,Rob Lucas,Montgomery,Consumer,Alabama
AA-10375,Allen Armold,Mesa,Consumer,Arizona
EP-13915,Emily Phan,Chicago,Consumer,Illinois
DK-12985,Darren Koutras,Henderson,Consumer,Kentucky
BD-11500,Bradley Drucker,Green Bay,Consumer,Wisconsin
LM-17065,Liz MacKendrick,Springfield,Consumer,Ohio
AS-10135,Adrian Shami,New York City,Home Office,New York
BD-11320,Bill Donatelli,San Francisco,Consumer,California
GT-14710,Greg Tran,Houston,Consumer,Texas
AJ-10945,Ashley Jarboe,Wilmington,Consumer,North Carolina
OT-18730,Olvera Toch,Los Angeles,Consumer,California
LP-17080,Liz Pelletier,San Francisco,Consumer,California
CA-12775,Cynthia Arntzen,Tampa,Consumer,Florida
JF-15490,Jeremy Farry,Seattle,Consumer,Washington
FP-14320,Frank Preis,Los Angeles,Consumer,California
EB-13840,Ellis Ballard,Seattle,Corporate,Washington
JF-15415,Jennifer Ferguson,New York City,Consumer,New York
SF-20200,Sarah Foster,Marysville,Consumer,Washington
TG-21640,Trudy Glocke,Long Beach,Consumer,California
CS-11950,Carlos Soltero,Chicago,Consumer,Illinois
CC-12145,Charles Crestani,Los Angeles,Consumer,California
DV-13465,Dianna Vittorini,Denver,Consumer,Colorado
BD-11725,Bruce Degenhardt,Richmond,Consumer,Kentucky
ZC-21910,Zuschuss Carroll,Salem,Consumer,Oregon
MS-17830,Melanie Seite,Laredo,Consumer,Texas
LR-16915,Lena Radford,San Diego,Consumer,California
TP-21130,Theone Pippenger,Philadelphia,Consumer,Pennsylvania
CK-12205,Chloris Kastensmidt,Philadelphia,Consumer,Pennsylvania
AS-10240,Alan Shonely,Tampa,Consumer,Florida
AR-10510,Andrew Roberts,Philadelphia,Consumer,Pennsylvania
NB-18655,Nona Balk,Dallas,Corporate,Texas
GD-14590,Giulietta Dortch,Philadelphia,Corporate,Pennsylvania
CK-12595,Clytie Kelty,Grove City,Consumer,Ohio
NG-18355,Nat Gilpin,New York City,Corporate,New York
CA-12265,Christina Anderson,Chicago,Consumer,Illinois
SF-20965,Sylvia Foulston,Dearborn,Corporate,Michigan
MO-17800,Meg O'Connel,New York City,Home Office,New York
AT-10735,Annie Thurman,Seattle,Consumer,Washington
FM-14380,Fred McMath,Aurora,Consumer,Colorado
DJ-13420,Denny Joy,Warner Robins,Corporate,Georgia
ME-17725,Max Engle,Aurora,Consumer,Colorado
JD-16150,Justin Deggeller,Minneapolis,Corporate,Minnesota
JL-15835,John Lee,Mission Viejo,Consumer,California
SC-20305,Sean Christensen,Rochester Hills,Consumer,Michigan
CC-12430,Chuck Clark,Columbus,Home Office,Indiana
AR-10825,Anthony Rawles,Vancouver,Corporate,Washington
SR-20740,Steven Roelle,New York City,Home Office,New York
CR-12730,Craig Reiter,Columbus,Consumer,Ohio
EH-14125,Eugene Hildebrand,Aurora,Home Office,Illinois
SP-20545,Sibella Parks,New York City,Corporate,New York
TH-21235,Tiffany House,Dallas,Corporate,Texas
RP-19390,Resi Polking,Cleveland,Consumer,Ohio
RB-19570,Rob Beeghly,Columbus,Consumer,Indiana
CD-11980,Carol Darley,Tyler,Consumer,Texas
DJ-13630,Doug Jacobs,New York City,Consumer,New York
GT-14635,Grant Thornton,Burlington,Corporate,North Carolina
MC-17845,Michael Chen,Jackson,Consumer,Mississippi
RA-19285,Ralph Arnett,New York City,Consumer,New York
NP-18325,Naresj Patel,Waynesboro,Consumer,Virginia
AB-10165,Alan Barnes,Los Angeles,Consumer,California
JO-15550,Jesus Ocampo,Chester,Home Office,Pennsylvania
JK-15370,Jay Kimmel,Long Beach,Consumer,California
BN-11470,Brad Norvell,Cary,Corporate,North Carolina
DP-13165,David Philippe,New York City,Consumer,New York
TH-21550,Tracy Hopkins,New York City,Home Office,New York
AP-10915,Arthur Prichep,Palm Coast,Consumer,Florida
RS-19765,Roland Schwarz,Mount Vernon,Corporate,New York
SV-20365,Seth Vernon,Dover,Consumer,Delaware
CK-12325,Christine Kargatis,Orem,Home Office,Utah
RD-19810,Ross DeVincentis,Los Angeles,Home Office,California
MR-17545,Mathew Reese,Philadelphia,Home Office,Pennsylvania
SC-20695,Steve Chapman,Hialeah,Corporate,Florida
JF-15355,Jay Fein,Austin,Consumer,Texas
EG-13900,Emily Grady,Oceanside,Consumer,New York
DS-13030,Darrin Sayre,Seattle,Home Office,Washington
PO-19195,Phillina Ober,Naperville,Home Office,Illinois
SS-20875,Sung Shariari,Dallas,Consumer,Texas
PB-19105,Peter Buhler,Evanston,Consumer,Illinois
RF-19735,Roland Fjeld,Trenton,Consumer,Michigan
YC-21895,Yoseph Carroll,San Francisco,Corporate,California
DC-13285,Debra Catini,Cottage Grove,Consumer,Minnesota
CP-12340,Christine Phan,New York City,Corporate,New York
BF-11020,Barry Franzosisch,Green Bay,Corporate,Wisconsin
LH-17020,Lisa Hazard,Columbus,Consumer,Ohio
CS-12250,Chris Selesnick,Bossier City,Corporate,Louisiana
AJ-10795,Anthony Johnson,Saint Petersburg,Corporate,Florida
BV-11245,Benjamin Venier,Des Moines,Corporate,Iowa
DL-12865,Dan Lawera,Cincinnati,Consumer,Ohio
BM-11785,Bryan Mills,Columbus,Consumer,Ohio
LT-17110,Liz Thompson,Lancaster,Consumer,California
JK-15730,Joe Kamberova,Asheville,Consumer,North Carolina
ES-14020,Erica Smith,San Francisco,Consumer,California
RH-19495,Rick Hansen,Rochester,Consumer,Minnesota
CD-11920,Carlos Daly,Lake Elsinore,Consumer,California
HW-14935,Helen Wasserman,San Diego,Corporate,California
MC-18130,Mike Caudle,Monroe,Corporate,Louisiana
GM-14440,Gary McGarr,San Francisco,Consumer,California
PJ-19015,Pauline Johnson,Santa Ana,Consumer,California
BW-11110,Bart Watters,Milwaukee,Corporate,Wisconsin
TR-21325,Toby Ritter,Belleville,Consumer,New Jersey
PG-18820,Patrick Gardner,San Francisco,Consumer,California
JL-15175,James Lanier,Columbia,Home Office,Tennessee
BM-11650,Brian Moss,New York City,Corporate,New York
EM-14095,Eudokia Martin,Los Angeles,Corporate,California
AF-10885,Art Foster,Louisville,Consumer,Kentucky
GA-14725,Guy Armstrong,Lorain,Consumer,Ohio
CK-12760,Cyma Kinney,Linden,Corporate,New Jersey
DP-13105,Dave Poirier,Salinas,Corporate,California
BK-11260,Berenike Kampe,New York City,Consumer,New York
SJ-20125,Sanjit Jacobs,New Brunswick,Home Office,New Jersey
CM-12445,Chuck Magee,San Francisco,Consumer,California
AJ-10780,Anthony Jacobs,Springfield,Corporate,Virginia
LS-16945,Linda Southworth,Philadelphia,Corporate,Pennsylvania
GP-14740,Guy Phonely,Lancaster,Corporate,Pennsylvania
PK-18910,Paul Knutson,Philadelphia,Home Office,Pennsylvania
SM-20005,Sally Matthias,New York City,Consumer,New York
AG-10765,Anthony Garverick,Philadelphia,Home Office,Pennsylvania
PM-19135,Peter McVee,Detroit,Home Office,Michigan
LL-16840,Lauren Leatherbury,Rochester,Consumer,New York
JS-15595,Jill Stevenson,Los Angeles,Corporate,California
EL-13735,Ed Ludwig,Columbia,Home Office,Maryland
PC-18745,Pamela Coakley,San Francisco,Corporate,California
HL-15040,Hunter Lopez,Houston,Consumer,Texas
MS-17365,Maribeth Schnelling,Detroit,Consumer,Michigan
GB-14530,George Bell,Auburn,Corporate,New York
JR-16210,Justin Ritter,Springfield,Corporate,Ohio
BE-11335,Bill Eplett,Jackson,Home Office,Michigan
SC-20050,Sample Company A,Norwich,Home Office,Connecticut
RW-19630,Rob Williams,Dallas,Corporate,Texas
SE-20110,Sanjit Engle,New York City,Consumer,New York
AH-10075,Adam Hart,New York City,Corporate,New York
JM-15535,Jessica Myrick,Philadelphia,Consumer,Pennsylvania
JJ-15760,Joel Jenkins,Springfield,Home Office,Virginia
RK-19300,Ralph Kennedy,Philadelphia,Consumer,Pennsylvania
CG-12040,Catherine Glotzbach,Philadelphia,Home Office,Pennsylvania
RP-19270,Rachel Payne,Riverside,Corporate,California
KC-16255,Karen Carlisle,San Francisco,Corporate,California
KH-16360,Katherine Hughes,Philadelphia,Consumer,Pennsylvania
GH-14665,Greg Hansen,Round Rock,Consumer,Texas
SW-20275,Scott Williamson,Jackson,Consumer,Mississippi
JA-15970,Joseph Airdo,Phoenix,Consumer,Arizona
DL-12925,Daniel Lacy,Oceanside,Consumer,California
LW-16990,Lindsay Williams,San Francisco,Corporate,California
TB-21190,Thomas Brumley,Fayetteville,Home Office,Arkansas
BS-11800,Bryan Spruell,New York City,Home Office,New York
RW-19690,Robert Waldorf,Wilmington,Consumer,North Carolina
TZ-21580,Tracy Zic,Louisville,Consumer,Colorado
AS-10630,Ann Steele,Pasadena,Home Office,Texas
TS-21340,Toby Swindell,Houston,Consumer,Texas
SL-20155,Sara Luxemburg,Jacksonville,Home Office,Florida
MW-18235,Mitch Willingham,Virginia Beach,Corporate,Virginia
RD-19585,Rob Dowd,Henderson,Consumer,Kentucky
RA-19945,Ryan Akin,Murrieta,Consumer,California
MT-17815,Meg Tillman,Scottsdale,Consumer,Arizona
VG-21790,Vivek Gonzalez,San Diego,Consumer,California
JS-15880,John Stevenson,Seattle,Consumer,Washington
KM-16225,Kalyca Meade,New York City,Corporate,New York
HR-14770,Hallie Redmond,Los Angeles,Home Office,California
DE-13255,Deanra Eno,Springfield,Home Office,Ohio
AG-10390,Allen Goldenen,Cincinnati,Consumer,Ohio
JJ-15445,Jennifer Jackson,Los Angeles,Consumer,California
JH-15430,Jennifer Halladay,Burlington,Consumer,North Carolina
RD-19660,Robert Dilbeck,Saint Peters,Home Office,Missouri
MO-17500,Mary O'Rourke,New York City,Consumer,New York
NS-18640,Noel Staavos,Chicago,Corporate,Illinois
DG-13300,Deirdre Greer,Philadelphia,Corporate,Pennsylvania
NF-18595,Nicole Fjeld,New York City,Home Office,New York
MG-17650,Matthew Grinstein,Philadelphia,Home Office,Pennsylvania
TS-21160,Theresa Swint,Toledo,Corporate,Ohio
BD-11620,Brian DeCherney,San Francisco,Consumer,California
CM-12160,Charles McCrossin,Brownsville,Consumer,Texas
SN-20560,Skye Norling,Los Angeles,Home Office,California
EH-14005,Erica Hernandez,Denver,Home Office,Colorado
FO-14305,Frank Olsen,New York City,Consumer,New York
MS-17710,Maurice Satty,Mesa,Consumer,Arizona
CC-12100,Chad Cunningham,Columbus,Home Office,Indiana
DW-13540,Don Weiss,Seattle,Consumer,Washington
BT-11395,Bill Tyler,Detroit,Corporate,Michigan
CY-12745,Craig Yedwab,Oakland,Corporate,California
BT-11485,Brad Thomas,Clinton,Home Office,Maryland
PS-19045,Penelope Sewall,Charlotte,Home Office,North Carolina
PV-18985,Paul Van Hugh,San Francisco,Home Office,California
NM-18520,Neoma Murray,Riverside,Consumer,California
DL-13495,Dionis Lloyd,San Francisco,Corporate,California
CS-12355,Christine Sundaresam,Roswell,Consumer,Georgia
FH-14275,Frank Hawley,La Porte,Corporate,Indiana
NC-18340,Nat Carroll,Lansing,Consumer,Michigan
AA-10315,Alex Avila,Minneapolis,Consumer,Minnesota
LT-16765,Larry Tron,Escondido,Consumer,California
AP-10720,Anne Pryor,New York City,Home Office,New York
PM-18940,Paul MacIntyre,Jackson,Consumer,Michigan
AT-10435,Alyssa Tate,Los Angeles,Home Office,California
CA-12055,Cathy Armstrong,Houston,Home Office,Texas
HR-14830,Harold Ryan,Seattle,Corporate,Washington
BT-11530,Bradley Talbott,Los Angeles,Home Office,California
LH-16750,Larry Hughes,Charlotte,Consumer,North Carolina
SW-20755,Steven Ward,New York City,Corporate,New York
SP-20620,Stefania Perrino,Philadelphia,Corporate,Pennsylvania
BF-11170,Ben Ferrer,Los Angeles,Home Office,California
KT-16480,Kean Thornton,Buffalo,Consumer,New York
BG-11695,Brooke Gillingham,Cincinnati,Corporate,Ohio
GM-14680,Greg Matthias,Seattle,Consumer,Washington
EJ-14155,Eva Jacobs,Gulfport,Consumer,Mississippi
NP-18700,Nora Preis,Fresno,Consumer,California
MH-18115,Mick Hernandez,Chester,Home Office,Pennsylvania
JR-15700,Jocasta Rupert,Jacksonville,Consumer,Florida
SM-20950,Suzanne McNair,Greenville,Corporate,North Carolina
CC-12220,Chris Cortes,La Porte,Consumer,Indiana
PF-19225,Phillip Flathmann,San Francisco,Consumer,California
DC-12850,Dan Campbell,Florence,Consumer,Alabama
BD-11770,Bryan Davis,Houston,Consumer,Texas
GM-14500,Gene McClure,Providence,Consumer,Rhode Island
TB-21355,Todd Boyes,New York City,Corporate,New York
JH-16180,Justin Hirsh,Pueblo,Consumer,Colorado
EB-13975,Erica Bern,Fairfield,Corporate,California
QJ-19255,Quincy Jones,Saint Paul,Corporate,Minnesota
TC-21535,Tracy Collins,Arlington,Home Office,Virginia
CS-12460,Chuck Sachs,Columbus,Consumer,Georgia
HG-14965,Henry Goldwyn,Los Angeles,Corporate,California
LW-16825,Laurel Workman,Deltona,Corporate,Florida
MC-17575,Matt Collins,Cincinnati,Consumer,Ohio
LP-17095,Liz Preis,Murray,Consumer,Kentucky
EB-14170,Evan Bailliet,Wilmington,Consumer,North Carolina
GZ-14545,George Zrebassa,Lawrence,Corporate,Massachusetts
CP-12085,Cathy Prescott,Norwich,Corporate,Connecticut
FG-14260,Frank Gastineau,San Francisco,Home Office,California
LD-17005,Lisa DeCherney,San Francisco,Consumer,California
AB-10255,Alejandro Ballentine,Lorain,Home Office,Ohio
MN-17935,Michael Nguyen,Dallas,Consumer,Texas
JR-15670,Jim Radford,Middletown,Consumer,Connecticut
JF-15190,Jamie Frazer,Los Angeles,Consumer,California
CM-12115,Chad McGuire,New York City,Consumer,New York
AS-10045,Aaron Smayling,Jacksonville,Corporate,North Carolina
BP-11290,Beth Paige,Evanston,Consumer,Illinois
ND-18370,Natalie DeCherney,Louisville,Consumer,Kentucky
LB-16735,Larry Blacks,Fort Worth,Consumer,Texas
KT-16465,Kean Takahito,Los Angeles,Consumer,California
HM-14860,Harry Marie,Philadelphia,Corporate,Pennsylvania
AB-10600,Ann Blume,Tucson,Corporate,Arizona
SZ-20035,Sam Zeldin,Pico Rivera,Home Office,California
MG-17890,Michael Granlund,Clinton,Home Office,Maryland
JK-16120,Julie Kriz,Aurora,Home Office,Illinois
PP-18955,Paul Prost,Smyrna,Home Office,Georgia
YS-21880,Yana Sorensen,Burlington,Corporate,North Carolina
KM-16375,Katherine Murray,Salem,Home Office,Virginia
AB-10105,Adrian Barton,Phoenix,Consumer,Arizona
HA-14905,Helen Abelman,New York City,Consumer,New York
BT-11305,Beth Thompson,Costa Mesa,Home Office,California
SV-20815,Stuart Van,Houston,Corporate,Texas
RW-19540,Rick Wilson,Mesa,Corporate,Arizona
DK-12835,Damala Kotsonis,Salinas,Corporate,California
ST-20530,Shui Tom,Parma,Consumer,Ohio
MM-17920,Michael Moore,San Francisco,Consumer,California
PW-19030,Pauline Webber,Richmond,Corporate,Kentucky
SC-20440,Shaun Chance,Aurora,Corporate,Colorado
TS-21085,Thais Sissman,Phoenix,Consumer,Arizona
MC-17425,Mark Cousins,Mobile,Corporate,Alabama
ME-17320,Maria Etezadi,Columbus,Home Office,Georgia
NH-18610,Nicole Hansen,Irving,Corporate,Texas
MB-18085,Mick Brown,Vineland,Consumer,New Jersey
KD-16495,Keith Dawkins,New York City,Corporate,New York
KN-16390,Katherine Nockton,Los Angeles,Corporate,California
NP-18685,Nora Pelletier,Niagara Falls,Home Office,New York
CS-12505,Cindy Stewart,Thomasville,Consumer,North Carolina
MS-17770,Maxwell Schwartz,New York City,Consumer,New York
CM-12655,Corinna Mitchell,Los Angeles,Home Office,California
Co-12640,Corey-Lock,Philadelphia,Consumer,Pennsylvania
TS-21370,Todd Sumrall,New York City,Corporate,New York
JW-15220,Jane Waco,Vancouver,Corporate,Washington
JD-15790,John Dryer,Coppell,Consumer,Texas
PC-19000,Pauline Chand,Los Angeles,Home Office,California
AR-10540,Andy Reiter,New York City,Consumer,New York
AI-10855,Arianne Irving,Philadelphia,Consumer,Pennsylvania
TB-21400,Tom Boeckenhauer,Seattle,Consumer,Washington
PL-18925,Paul Lucas,Chicago,Home Office,Illinois
GH-14425,Gary Hwang,Tucson,Consumer,Arizona
MP-18175,Mike Pelletier,Laguna Niguel,Home Office,California
JM-15655,Jim Mitchum,Bridgeton,Corporate,New Jersey
CL-11890,Carl Ludwig,Everett,Consumer,Massachusetts
DB-13270,Deborah Brumfield,San Diego,Home Office,California
IG-15085,Ivan Gibson,San Diego,Consumer,California
BO-11425,Bobby Odegard,Richmond,Consumer,Kentucky
AB-10150,Aimee Bixby,Long Beach,Consumer,New York
JW-16075,Julia West,Philadelphia,Consumer,Pennsylvania
EB-13750,Edward Becker,Seattle,Corporate,Washington
SG-20470,Sheri Gordon,New York City,Consumer,New York
CM-12190,Charlotte Melton,Philadelphia,Consumer,Pennsylvania
AW-10840,Anthony Witt,Allen,Consumer,Texas
MC-18100,Mick Crebagga,El Paso,Consumer,Texas
TT-21460,Tonja Turnell,Aurora,Home Office,Illinois
VG-21805,Vivek Grady,Virginia Beach,Corporate,Virginia
MY-18295,Muhammed Yedwab,Grapevine,Corporate,Texas
RD-19480,Rick Duston,Olympia,Consumer,Washington
DP-13390,Dennis Pardue,Peoria,Home Office,Illinois
ML-17395,Marina Lichtenstein,Los Angeles,Corporate,California
JC-15385,Jenna Caffey,Kent,Consumer,Washington
JG-15160,James Galang,Los Angeles,Consumer,California
MC-17275,Marc Crier,Lafayette,Consumer,Louisiana
NW-18400,Natalie Webber,Tigard,Consumer,Oregon
TB-21280,Toby Braunhardt,Washington,Consumer,District of Columbia
BS-11380,Bill Stewart,Skokie,Corporate,Illinois
HH-15010,Hilary Holden,San Francisco,Corporate,California
CD-12280,Christina DeMoss,Seattle,Consumer,Washington
TH-21100,Thea Hendricks,Los Angeles,Consumer,California
MM-18055,Michelle Moray,Seattle,Consumer,Washington
NS-18505,Neola Schneider,Dallas,Consumer,Texas
RB-19645,Robert Barroso,North Las Vegas,Corporate,Nevada
SW-20455,Shaun Weien,Suffolk,Consumer,Virginia
EB-13930,Eric Barreto,San Francisco,Consumer,California
PS-18760,Pamela Stobb,Los Angeles,Consumer,California
HF-14995,Herbert Flentye,Indianapolis,Consumer,Indiana
HZ-14950,Henia Zydlo,Columbus,Consumer,Ohio
CD-12790,Cynthia Delaney,San Diego,Home Office,California
JK-15205,Jamie Kunitz,San Francisco,Consumer,California
FM-14215,Filia McAdams,Dublin,Corporate,Ohio
ED-13885,Emily Ducich,San Diego,Home Office,California
DA-13450,Dianna Arnett,Houston,Home Office,Texas
JW-15955,Joni Wasserman,Oakland,Consumer,California
RM-19375,Raymond Messe,Houston,Consumer,Texas
ML-17755,Max Ludwig,Suffolk,Home Office,Virginia
CC-12685,Craig Carroll,Greensboro,Consumer,North Carolina
JE-15610,Jim Epp,Milwaukee,Corporate,Wisconsin
RP-19855,Roy Phan,Kenosha,Corporate,Wisconsin
TB-21175,Thomas Boland,Houston,Corporate,Texas
BE-11455,Brad Eason,Olathe,Home Office,Kansas
JF-15565,Jill Fjeld,Dallas,Consumer,Texas
PB-19210,Phillip Breyer,Tulsa,Corporate,Oklahoma
BT-11680,Brian Thompson,Newark,Consumer,Ohio
JL-15235,Janet Lee,Chicago,Consumer,Illinois
CH-12070,Cathy Hwang,Raleigh,Home Office,North Carolina
ND-18460,Neil Ducich,Macon,Corporate,Georgia
BF-10975,Barbara Fisher,Charlotte,Corporate,North Carolina
KH-16330,Katharine Harms,Bowling Green,Corporate,Kentucky
GW-14605,Giulietta Weimer,Seattle,Consumer,Washington
NC-18625,Noah Childs,Aurora,Corporate,Colorado
ME-18010,Michelle Ellison,San Francisco,Corporate,California
BP-11230,Benjamin Patterson,Spokane,Consumer,Washington
JC-15775,John Castell,San Antonio,Consumer,Texas
AS-10090,Adam Shillingsburg,Charlottesville,Consumer,Virginia
AC-10450,Amy Cox,Minneapolis,Consumer,Minnesota
MD-17860,Michael Dominguez,Indianapolis,Corporate,Indiana
DB-13660,Duane Benoit,Oceanside,Consumer,New York
EH-13990,Erica Hackney,Roswell,Consumer,Georgia
EH-13765,Edward Hooks,Watertown,Corporate,New York
SC-20230,Scot Coram,Arlington,Corporate,Texas
JE-15715,Joe Elijah,Broomfield,Consumer,Colorado
AC-10615,Ann Chong,New York City,Corporate,New York
JD-16015,Joy Daniels,Chicago,Consumer,Illinois
CB-12415,Christy Brittain,Columbus,Consumer,Ohio
JS-16030,Joy Smith,Houston,Consumer,Texas
LW-17215,Luke Weiss,Pasadena,Consumer,California
SC-20800,Stuart Calhoun,Houston,Consumer,Texas
AM-10705,Anne McFarland,Auburn,Consumer,Alabama
RH-19510,Rick Huthwaite,Providence,Home Office,Rhode Island
CT-11995,Carol Triggs,Rochester,Consumer,Minnesota
MC-17590,Matt Collister,Perth Amboy,Corporate,New Jersey
CC-12610,Corey Catlett,Philadelphia,Corporate,Pennsylvania
KA-16525,Kelly Andreada,Ontario,Consumer,California
TC-20980,Tamara Chand,Seattle,Corporate,Washington
BF-11080,Bart Folk,Baltimore,Consumer,Maryland
MM-17260,Magdelene Morse,Wilmington,Consumer,Delaware
AH-10120,Adrian Hane,Tucson,Home Office,Arizona
BW-11200,Ben Wallace,Boynton Beach,Consumer,Florida
SW-20245,Scot Wooten,Stockton,Consumer,California
BS-11665,Brian Stugart,Philadelphia,Consumer,Pennsylvania
RF-19345,Randy Ferguson,Dover,Corporate,New Hampshire
WB-21850,William Brown,Philadelphia,Consumer,Pennsylvania
TB-21625,Trudy Brown,Grand Prairie,Consumer,Texas
AF-10870,Art Ferguson,College Station,Consumer,Texas
RB-19435,Richard Bierner,Saint Louis,Consumer,Missouri
KF-16285,Karen Ferguson,Manteca,Home Office,California
JH-15820,John Huston,Kent,Consumer,Ohio
IL-15100,Ivan Liston,San Francisco,Consumer,California
PB-18805,Patrick Bzostek,Salt Lake City,Home Office,Utah
RH-19600,Rob Haberlin,Huntsville,Consumer,Alabama
AW-10930,Arthur Wiediger,Aurora,Home Office,Illinois
ML-17410,Maris LaWare,Fairfield,Consumer,Connecticut
DB-13555,Dorothy Badders,Jacksonville,Corporate,Florida
MH-17620,Matt Hagelstein,San Francisco,Corporate,California
DK-13375,Dennis Kane,Marion,Consumer,Ohio
BT-11440,Bobby Trafton,Littleton,Consumer,Colorado
DB-13405,Denny Blanton,La Porte,Consumer,Indiana
TG-21310,Toby Gnade,Los Angeles,Consumer,California
BF-11005,Barry Franz,Pasadena,Home Office,California
JM-16195,Justin MacKendrick,Los Angeles,Consumer,California
MZ-17335,Maria Zettner,San Diego,Home Office,California
MW-18220,Mitch Webber,New York City,Consumer,New York
MV-17485,Mark Van Huff,Arlington,Consumer,Virginia
SM-20320,Sean Miller,Monroe,Home Office,North Carolina
TP-21415,Tom Prescott,Seattle,Consumer,Washington
JK-15625,Jim Karlsson,Seattle,Consumer,Washington
PJ-18835,Patrick Jones,Murfreesboro,Corporate,Tennessee
RS-19420,Ricardo Sperren,Seattle,Corporate,Washington
SV-20935,Susan Vittorini,New York City,Consumer,New York
BC-11125,Becky Castell,Peoria,Home Office,Arizona
EM-13825,Elizabeth Moffitt,Sioux Falls,Corporate,South Dakota
BM-11575,Brendan Murry,New York City,Corporate,New York
KN-16705,Kristina Nunn,Fort Collins,Home Office,Colorado
KW-16570,Kelly Williams,Clarksville,Consumer,Tennessee
SC-20260,Scott Cohen,San Francisco,Corporate,California
CV-12295,Christina VanderZanden,Fresno,Consumer,California
SG-20605,Speros Goranitis,New York City,Consumer,New York
TM-21010,Tamara Manning,San Francisco,Consumer,California
EM-13810,Eleni McCrary,Los Angeles,Corporate,California
ML-18040,Michelle Lonsdale,Albuquerque,Corporate,New Mexico
CR-12580,Clay Rozendal,Elmhurst,Home Office,Illinois
AZ-10750,Annie Zypern,New York City,Consumer,New York
PW-19240,Pierre Wener,Louisville,Consumer,Colorado
SC-20380,Shahid Collister,Seattle,Consumer,Washington
CM-11935,Carlos Meador,Fayetteville,Consumer,North Carolina
GM-14695,Greg Maxwell,Los Angeles,Corporate,California
TB-21250,Tim Brockman,New York City,Consumer,New York
JM-15865,John Murray,Jamestown,Consumer,New York
SC-20575,Sonia Cooley,Mishawaka,Consumer,Indiana
LS-17200,Luke Schmidt,Skokie,Corporate,Illinois
RR-19315,Ralph Ritter,San Francisco,Consumer,California
DB-12910,Daniel Byrd,Tampa,Home Office,Florida
TT-21220,Thomas Thornton,Houston,Consumer,Texas
LO-17170,Lori Olson,La Quinta,Corporate,California
KD-16615,Ken Dana,Scottsdale,Corporate,Arizona
NB-18580,Nicole Brennan,Philadelphia,Corporate,Pennsylvania
BD-11635,Brian Derr,Bowling Green,Consumer,Kentucky
CM-12235,Chris McAfee,Carrollton,Consumer,Texas
EN-13780,Edward Nazzal,New York City,Consumer,New York
KN-16450,Kean Nguyen,Jacksonville,Corporate,Florida
BO-11350,Bill Overfelt,Los Angeles,Corporate,California
AG-10300,Aleksandra Gannaway,Los Angeles,Corporate,California
MC-17635,Matthew Clasen,Saint Louis,Corporate,Missouri
TA-21385,Tom Ashbrook,New York City,Home Office,New York
JF-15295,Jason Fortune-,Seattle,Consumer,Washington
TT-21265,Tim Taslimi,Los Angeles,Corporate,California
SB-20170,Sarah Bern,New York City,Consumer,New York
CL-12700,Craig Leslie,Springfield,Home Office,Missouri
HG-15025,Hunter Glantz,Amarillo,Consumer,Texas
NL-18310,Nancy Lomonaco,Los Angeles,Home Office,California
RR-19525,Rick Reed,Lowell,Corporate,Massachusetts
TC-21295,Toby Carlisle,San Diego,Consumer,California
SV-20785,Stewart Visinsky,Pueblo,Consumer,Colorado
BE-11410,Bobby Elias,Lancaster,Consumer,Ohio
SC-20680,Steve Carroll,Columbus,Home Office,Georgia
DF-13135,David Flashing,Vallejo,Consumer,California
FH-14350,Fred Harton,Seattle,Consumer,Washington
MS-17530,MaryBeth Skach,San Diego,Consumer,California
RH-19555,Ritsa Hightower,Tallahassee,Consumer,Florida
GA-14515,George Ashbrook,San Francisco,Consumer,California
JP-16135,Julie Prescott,Columbus,Home Office,Georgia
Dp-13240,Dean percer,Murray,Home Office,Utah
MO-17950,Michael Oakman,Dallas,Consumer,Texas
DL-13330,Denise Leinenbach,Las Cruces,Consumer,New Mexico
MH-18025,Michelle Huthwaite,Seattle,Consumer,Washington
DR-12940,Daniel Raglin,Franklin,Home Office,Massachusetts
DM-13015,Darrin Martin,Encinitas,Consumer,California
CA-11965,Carol Adams,Hoover,Corporate,Alabama
AC-10660,Anna Chung,Huntsville,Consumer,Texas
DM-13345,Denise Monton,Roswell,Corporate,Georgia
VF-21715,Vicky Freymann,Columbus,Home Office,Indiana
CC-12370,Christopher Conant,Fayetteville,Consumer,North Carolina
BF-11275,Beth Fritzler,Tucson,Corporate,Arizona
HG-14845,Harry Greene,Lake Charles,Consumer,Louisiana
BP-11155,Becky Pak,Columbus,Consumer,Georgia
EM-14140,Eugene Moren,Glendale,Home Office,Arizona
MA-17995,Michelle Arnett,Watertown,Home Office,New York
AY-10555,Andy Yotov,Oceanside,Corporate,California
GB-14575,Giulietta Baptist,Philadelphia,Consumer,Pennsylvania
JB-16045,Julia Barnett,Columbus,Home Office,Georgia
MG-17875,Michael Grace,New York City,Home Office,New York
SR-20425,Sharelle Roach,Louisville,Home Office,Colorado
JB-16000,Joy Bell-,Brownsville,Consumer,Texas
DM-12955,Dario Medina,Lincoln Park,Corporate,Michigan
TC-21475,Tony Chapman,Columbus,Home Office,Georgia
SW-20350,Sean Wendt,Detroit,Home Office,Michigan
RE-19450,Richard Eichhorn,Dallas,Consumer,Texas
BF-11215,Benjamin Farhat,Albuquerque,Home Office,New Mexico
KB-16405,Katrina Bavinger,Apple Valley,Home Office,California
JG-15310,Jason Gross,Providence,Corporate,Rhode Island
EC-14050,Erin Creighton,New York City,Consumer,New York
EB-14110,Eugene Barchas,Philadelphia,Consumer,Pennsylvania
JP-15460,Jennifer Patt,Oceanside,Corporate,New York
CS-11845,Cari Sayre,Seattle,Corporate,Washington
GH-14410,Gary Hansen,Glendale,Home Office,Arizona
PT-19090,Pete Takahito,Houston,Consumer,Texas
JL-15130,Jack Lebron,Houston,Consumer,Texas
AH-10030,Aaron Hawkins,Philadelphia,Corporate,Pennsylvania
CC-12475,Cindy Chapman,New York City,Consumer,New York
DW-13195,David Wiener,Houston,Corporate,Texas
SJ-20215,Sarah Jordon,Grand Prairie,Consumer,Texas
BG-11740,Bruce Geld,Philadelphia,Consumer,Pennsylvania
LB-16795,Laurel Beltran,Highland Park,Home Office,Illinois
CM-11815,Candace McMahon,Pasadena,Corporate,Texas
EH-14185,Evan Henry,Decatur,Consumer,Alabama
TS-21505,Tony Sayre,Columbia,Consumer,Tennessee
PR-18880,Patrick Ryan,Oakland,Consumer,California
LC-17050,Liz Carlisle,Mission Viejo,Consumer,California
CS-12490,Cindy Schnelling,Conroe,Corporate,Texas
DH-13075,Dave Hallsten,Richmond,Corporate,Kentucky
JO-15145,Jack O'Briant,Philadelphia,Corporate,Pennsylvania
AH-10690,Anna Haberlin,New York City,Corporate,New York
HJ-14875,Heather Jas,Jacksonville,Home Office,Florida
MH-17455,Mark Hamilton,Jacksonville,Consumer,North Carolina
RD-19930,Russell D'Ascenzo,Austin,Consumer,Texas
SC-20020,Sam Craven,Plano,Consumer,Texas
SU-20665,Stephanie Ulpright,Jackson,Home Office,Mississippi
FC-14335,Fred Chung,Mesquite,Corporate,Texas
RB-19330,Randy Bradley,Philadelphia,Consumer,Pennsylvania
NC-18535,Nick Crebassa,Dallas,Corporate,Texas
DB-12970,Darren Budd,Los Angeles,Corporate,California
MF-17665,Maureen Fritzler,Toledo,Corporate,Ohio
RM-19750,Roland Murray,New York City,Consumer,New York
VM-21835,Vivian Mathis,Newark,Consumer,Delaware
EJ-13720,Ed Jacobs,San Diego,Consumer,California
NC-18415,Nathan Cano,Jacksonville,Consumer,North Carolina
LS-17230,Lycoris Saunders,Dover,Consumer,Delaware
KE-16420,Katrina Edelman,Bristol,Corporate,Tennessee
DH-13675,Duane Huffman,Quincy,Home Office,Massachusetts
PF-19120,Peter Fuller,Gilbert,Consumer,Arizona
VT-21700,Valerie Takahito,Philadelphia,Home Office,Pennsylvania
MG-17695,Maureen Gnade,Buffalo,Consumer,New York
SP-20920,Susan Pistek,Los Angeles,Consumer,California
CS-12175,Charles Sheldon,Columbia,Corporate,Tennessee
DK-12895,Dana Kaydos,Kenosha,Consumer,Wisconsin
KM-16660,Khloe Miller,Roswell,Consumer,Georgia
AA-10645,Anna Andreadi,Chester,Consumer,Pennsylvania
DD-13570,Dorothy Dickinson,Houston,Consumer,Texas
AH-10465,Amy Hunt,New York City,Consumer,New York
TP-21565,Tracy Poddar,Aurora,Corporate,Colorado
EK-13795,Eileen Kiefer,Santa Ana,Home Office,California
CR-12820,Cyra Reiten,New York City,Home Office,New York
SG-20890,Susan Gilcrest,Mcallen,Corporate,Texas
AH-10585,Angele Hood,Chicago,Consumer,Illinois
NF-18475,Neil Franzosisch,Rockford,Home Office,Illinois
BS-11365,Bill Shonely,New York City,Corporate,New York
SH-20635,Stefanie Holloman,Jackson,Corporate,Tennessee
RD-19720,Roger Demir,Daytona Beach,Consumer,Florida
AG-10330,Alex Grayson,Stockton,Consumer,California
GR-14560,Georgia Rosenberg,San Francisco,Corporate,California
VS-21820,Vivek Sundaresam,Los Angeles,Consumer,California
TM-21490,Tony Molinari,Oklahoma City,Consumer,Oklahoma
TS-21430,Tom Stivers,Los Angeles,Corporate,California
DB-13360,Dennis Bolton,New York City,Home Office,New York
NR-18550,Nick Radford,Aurora,Consumer,Illinois
CS-11860,Cari Schnelling,Jacksonville,Consumer,North Carolina
MF-18250,Monica Federle,Los Angeles,Corporate,California
LW-17125,Liz Willingham,Norwich,Consumer,Connecticut
AR-10345,Alex Russell,Lawrence,Corporate,Massachusetts
KS-16300,Karen Seio,Lehi,Corporate,Utah
AB-10015,Aaron Bergman,Seattle,Consumer,Washington
LR-17035,Lisa Ryan,Philadelphia,Corporate,Pennsylvania
SS-20410,Shahid Shariari,Los Angeles,Consumer,California
JM-15580,Jill Matthias,Monroe,Consumer,North Carolina
JK-15325,Jason Klamczynski,Dallas,Corporate,Texas
DM-13525,Don Miller,Houston,Corporate,Texas
ML-18265,Muhammed Lee,Seattle,Consumer,Washington
MH-17290,Marc Harrigan,Los Angeles,Home Office,California
FC-14245,Frank Carlisle,Lakewood,Home Office,Ohio
TH-21115,Thea Hudgings,Philadelphia,Corporate,Pennsylvania
JK-16090,Juliana Krohn,Omaha,Consumer,Nebraska
SB-20185,Sarah Brown,Concord,Consumer,New Hampshire
BG-11035,Barry Gonzalez,Monroe,Consumer,Louisiana
BW-11065,Barry Weirich,Raleigh,Consumer,North Carolina
MG-18205,Mitch Gastineau,Jacksonville,Corporate,Florida
DO-13645,Doug O'Connell,Los Angeles,Consumer,California
BP-11050,Barry Pond,Cranston,Corporate,Rhode Island
TS-21655,Trudy Schmidt,Milwaukee,Consumer,Wisconsin
EM-14200,Evan Minnotte,Virginia Beach,Home Office,Virginia
AO-10810,Anthony O'Donnell,Los Angeles,Corporate,California
MH-17440,Mark Haberlin,New York City,Corporate,New York
SS-20515,Shirley Schmidt,Louisville,Home Office,Kentucky
LD-16855,Lela Donovan,Chicago,Corporate,Illinois
VP-21760,Victoria Pisteka,San Francisco,Corporate,California
TC-21145,Theresa Coyne,Lakewood,Corporate,New Jersey
IM-15055,Ionia McGrath,Roseville,Consumer,California
AR-10570,Anemone Ratner,Columbus,Consumer,Georgia
CM-12715,Craig Molinari,Huntsville,Corporate,Texas
FW-14395,Fred Wasserman,Huntsville,Corporate,Alabama
LC-16960,Lindsay Castell,Arlington,Home Office,Virginia
HE-14800,Harold Engle,Chicago,Corporate,Illinois
BD-11560,Brendan Dodson,Fresno,Home Office,California
HD-14785,Harold Dahlen,Philadelphia,Home Office,Pennsylvania
CJ-11875,Carl Jackson,Philadelphia,Corporate,Pennsylvania
RS-19870,Roy Skaria,Burlington,Home Office,Iowa
SC-20845,Sung Chung,Arlington Heights,Consumer,Illinois
RE-19405,Ricardo Emerson,Kent,Consumer,Ohio
SM-20905,Susan MacKendrick,Newark,Consumer,Ohio
